case,source,category,repeat,model,correct,recall,rows,parts_of_query,seconds,query,error,timestamp
model_description,1,content,1,reference,True,1.0,1,3/3,0.1,"MATCH (m:Model) RETURN m.name, m.occursIn, m.isDescribedBy",,2026-09-25T22:29:18+00:00
transcription_regulators,2,content,1,reference,True,1.0,3,4/4,0.1,MATCH (s:PhysicalEntityRepresentation)-[:Modifier]->(p:Process) WHERE p.name STARTS WITH 'transcription' RETURN DISTINCT s.name,,2026-09-25T22:29:18+00:00
compartments,3,content,1,reference,True,1.0,1,4/4,0.1,"MATCH (s:PhysicalEntityRepresentation)-[:ContainedEntity]->(c:PhysicalCompartment) RETURN c.id, collect(s.name)",,2026-09-25T22:29:18+00:00
describe_element,4,content,1,reference,True,1.0,3,4/4,0.2,"MATCH (s {name: 'LacI protein'})-[r:Reactant|Modifier]->(p:Process) RETURN p.name, type(r) UNION MATCH (p:Process)-[r:Product]->(s {name: 'LacI protein'}) RETURN p.name, type(r)",,2026-09-25T22:29:19+00:00
element_regulators,5,content,1,reference,True,1.0,1,5/5,0.1,MATCH (reg)-[:Modifier]->(p:Process)-[:Product]->(s {name: 'TetR mRNA'}) RETURN DISTINCT reg.name,,2026-09-25T22:29:19+00:00
elements_in_compartment,6,content,1,reference,True,1.0,6,4/4,0.2,MATCH (s:PhysicalEntityRepresentation)-[:ContainedEntity]->(:PhysicalCompartment {id: 'cell'}) WHERE (s)-[:Reactant|Modifier]->(:Process) OR (:Process)-[:Product]->(s) RETURN DISTINCT s.name,,2026-09-25T22:29:19+00:00
reactions_between,7,content/computational,1,reference,True,1.0,1,5/5,0.1,MATCH (a {name: 'LacI protein'})--(p:Process)--(b {name: 'TetR mRNA'}) RETURN DISTINCT p.name,,2026-09-25T22:29:19+00:00
model_size,8,content/computational,1,reference,True,1.0,1,4/4,0.1,"MATCH (s:PhysicalEntityRepresentation) WHERE NOT s:PhysicalCompartment WITH count(s) AS species MATCH (p:Process) RETURN species, count(p) AS reactions",,2026-09-25T22:29:19+00:00
most_connected,9,content/computational,1,reference,True,1.0,6,4/4,0.1,"MATCH (s:PhysicalEntityRepresentation)-[:Reactant|Product|Modifier]-(p:Process) RETURN s.name, count(DISTINCT p) AS reactions ORDER BY reactions DESC",,2026-09-25T22:29:19+00:00
